{"loss": [2.4165868759155273, 1.674274206161499, 1.378140926361084, 1.1911603212356567, 1.0599033832550049, 0.95211261510849, 0.877162516117096, 0.8104422688484192, 0.7501474022865295, 0.6962836384773254, 0.6534708142280579, 0.612408459186554, 0.5751698613166809, 0.5416772365570068, 0.519225537776947, 0.49295273423194885, 0.46956872940063477, 0.44238126277923584, 0.42733898758888245, 0.4069386124610901], "accuracy": [0.3164086639881134, 0.5606811046600342, 0.6433436274528503, 0.6958204507827759, 0.7374613285064697, 0.770588219165802, 0.7886996865272522, 0.804643988609314, 0.828482985496521, 0.8396284580230713, 0.8507739901542664, 0.8614550828933716, 0.8747677803039551, 0.8828173279762268, 0.888390064239502, 0.897678017616272, 0.9012383818626404, 0.9063467383384705, 0.9159442782402039, 0.9216718077659607], "val_loss": [1.919425129890442, 1.5854300260543823, 1.400962471961975, 1.2969493865966797, 1.1993454694747925, 1.122113585472107, 1.0695321559906006, 1.0193109512329102, 0.9739519357681274, 0.9449784755706787, 0.9152626991271973, 0.8827182650566101, 0.8534988164901733, 0.8392282724380493, 0.8071965575218201, 0.7858179807662964, 0.7701058983802795, 0.7533961534500122, 0.7399084568023682, 0.7252391576766968], "val_accuracy": [0.4724458158016205, 0.5640866756439209, 0.6080495119094849, 0.6365324854850769, 0.6609907150268555, 0.6804953813552856, 0.6993808150291443, 0.7167182564735413, 0.7235293984413147, 0.7334365248680115, 0.7337461113929749, 0.7430340647697449, 0.7619194984436035, 0.7582043409347534, 0.772445797920227, 0.7721362113952637, 0.778018593788147, 0.7801857590675354, 0.7919504642486572, 0.7904024720191956], "lr": [0.0010000000474974513, 0.0010000000474974513, 0.0010000000474974513, 0.0010000000474974513, 0.0010000000474974513, 0.0010000000474974513, 0.0010000000474974513, 0.0010000000474974513, 0.0010000000474974513, 0.0010000000474974513, 0.0010000000474974513, 0.0010000000474974513, 0.0010000000474974513, 0.0010000000474974513, 0.0010000000474974513, 0.0010000000474974513, 0.0010000000474974513, 0.0010000000474974513, 0.0010000000474974513, 0.0010000000474974513]}